<?xml version="1.0" encoding="utf-8"?>
<!DOCTYPE hibernate-mapping PUBLIC "-//Hibernate/Hibernate Mapping DTD 3.0//EN"
"http://hibernate.sourceforge.net/hibernate-mapping-3.0.dtd">
<!-- 
    Mapping file autogenerated by MyEclipse Persistence Tools
-->
<hibernate-mapping>
    <class name="org.easybooks.bookstore.vo.Book" table="book" catalog="bookstore">
        <id name="bookid" type="java.lang.Integer">
            <column name="bookid" />
            <generator class="native" />
        </id>
        <many-to-one name="catalog" class="org.easybooks.bookstore.vo.Catalog" fetch="select">
            <column name="catalogid" not-null="true" />
        </many-to-one>
        <property name="bookname" type="java.lang.String">
            <column name="bookname" length="20" not-null="true" />
        </property>
        <property name="price" type="java.lang.Integer">
            <column name="price" not-null="true" />
        </property>
        <property name="picture" type="java.lang.String">
            <column name="picture" length="30" not-null="true" />
        </property>
        <set name="orderitems" inverse="true">
            <key>
                <column name="bookid" not-null="true" />
            </key>
            <one-to-many class="org.easybooks.bookstore.vo.Orderitem" />
        </set>
    </class>
</hibernate-mapping>
