<?xml version="1.0" encoding="utf-8"?>
<!DOCTYPE hibernate-mapping PUBLIC "-//Hibernate/Hibernate Mapping DTD 3.0//EN"
"http://hibernate.sourceforge.net/hibernate-mapping-3.0.dtd">
<!-- 
    Mapping file autogenerated by MyEclipse Persistence Tools
-->
<hibernate-mapping>
    <class name="org.easybooks.bookstore.vo.Catalog" table="catalog" catalog="bookstore">
        <id name="catalogid" type="java.lang.Integer">
            <column name="catalogid" />
            <generator class="native" />
        </id>
        <property name="catalogname" type="java.lang.String">
            <column name="catalogname" length="20" not-null="true" />
        </property>
        <set name="books" inverse="true">
            <key>
                <column name="catalogid" not-null="true" />
            </key>
            <one-to-many class="org.easybooks.bookstore.vo.Book" />
        </set>
    </class>
</hibernate-mapping>
