<?xml version="1.0" encoding="utf-8"?>
<!DOCTYPE hibernate-mapping PUBLIC "-//Hibernate/Hibernate Mapping DTD 3.0//EN"
"http://hibernate.sourceforge.net/hibernate-mapping-3.0.dtd">
<!-- 
    Mapping file autogenerated by MyEclipse Persistence Tools
-->
<hibernate-mapping>
    <class name="org.easybooks.bookstore.vo.Orders" table="orders" catalog="bookstore">
        <id name="orderid" type="java.lang.Integer">
            <column name="orderid" />
            <generator class="native" />
        </id>
        <many-to-one name="user" class="org.easybooks.bookstore.vo.User" fetch="select">
            <column name="userid" not-null="true" />
        </many-to-one>
        <property name="orderdate" type="java.sql.Timestamp">
            <column name="orderdate" length="19" not-null="true" />
        </property>
        <set name="orderitems" cascade="all" inverse="true">
            <key>
                <column name="orderid" not-null="true" />
            </key>
            <one-to-many class="org.easybooks.bookstore.vo.Orderitem" />
        </set>
    </class>
</hibernate-mapping>
